symbol,name
20MICRONS,20 Microns
21STCENMGM,21st Cent Mgt
360ONE,360 One Wam
3BBLACKBIO,3B Blackbio Dx
3IINFOLTD,3i Infotech
3MINDIA,3M India
3PLAND,3P Land Holdings
5PAISA,5Paisa Capital
63MOONS,63 Moons Tech
A2ZINFRA,A2Z Infra Engg
AAATECH,AAA Technologies
AADHARHFC,Aadhar Housing Fin
AARNAV,Aarnav Fashions
AARON,Aaron Industries
AARTECH,Aartech Solonics
AARTIDRUGS,Aarti Drugs
AARTIIND,Aarti Industries
AARTIPHARM,Aarti Pharmalabs
AARTISURF,Aarti Surfactant
AARVI,Aarvi Encon
AAVAS,Aavas Financiers
ABB,ABB India
ABBOTINDIA,Abbott India
ABCAPITAL,Aditya Birla Cap
ABCOTS,AB Cotspin India
ABDL,Allied Blenders
ABFRL,ABFRL
ABINFRA,AB Infrabuild
ABLBL,Aditya Birla Lifesty
ABMINTLLTD,Abm International
ABMKNO,ABM Knowledgeware
ABREL,Aditya Birla Real
ABSL10BANK,ABSL10BANK
ABSLAMC,Aditya Birla Sun AMC
ABSLBANETF,ABSLBANETF
ABSLLIQUID,ABSLLIQUID
ABSLMSCIN,ABSLMSCIN
ABSLNN50ET,ABSLNN50ET
ABSLPSE,ABSLPSE
ACC,ACC
ACCELYA,Accelya Solutions
ACCURACY,Accuracy Shipping
ACE,Action Const Equip
ACEINTEG,Ace Integrated Soln
ACI,Archean Chem Inds
ACL,Andhra Cements
ACMESOLAR,Acme Solar Holdings
ACSTECH,ACS Technologies
ACUTAAS,Acutaas Chemicals
ADANIENSOL,Adani Energy Solut.
ADANIENT,Adani Enterprises
ADANIGREEN,Adani Green Energy
ADANIPORTS,Adani Ports &Special
ADANIPOWER,Adani Power
ADFFOODS,ADF Foods
ADL,Archidply Decor
ADOR,Ador Welding
ADROITINFO,Adroit Infotech
ADSL,Allied Digital Serv.
ADVAIT,Advait Energy
ADVANCE,Advance Agrolife
ADVANIHOTR,Advani Hotels
ADVENTHTL,Advent Hotels Inter.
ADVENZYMES,Advanced Enzyme
AEGISLOG,Aegis Logistics
AEGISVOPAK,Aegis Vopak Terminal
AEPL,Artemis Electricals
AEQUS,Aequs
AEROENTER,AEROFLEX ENTERPRISES LIMITED
AEROFLEX,Aeroflex Industries
AERONEU,Aeroflex Neu
AETHER,Aether Inds
AFCONS,Afcons Infra
AFFLE,Affle 3i
AFSL,Abans Financial Services Limited
AGARIND,Agarwal Inds Corp
AGARWALEYE,Dr. Agarwal's Health
AGI,AGI Greenpac
AGIIL,AGI Infra
AGRITECH,Agri-Tech India
AGROPHOS,Agro Phos India
AHCL,Anlon Healthcare
AHLADA,Ahlada Engineers
AHLEAST,Asian Hotels East
AHLUCONT,Ahluwalia Contracts
AIAENG,AIA Engineering
AIIL,Authum Invstmnt
AIRAN,Airan
AIROLAM,AiroLam
AJANTPHARM,Ajanta Pharma
AJAXENGG,Ajax Engineering
AJMERA,Ajmera Realty
AJOONI,Ajooni Biotech
AKASH,Akash Infra-Projects
AKCAPIT,AK Capital Serv
AKG,AKG Exim
AKI,AKI India
AKSHAR,Akshar Spintex
AKSHARCHEM,Aksharchem (India)
AKUMS,Akums Drugs & Pharmaceuticals
ALANKIT,Alankit
ALBERTDAVD,Albert David
ALEMBICLTD,Alembic
ALGOQUANT,Algoquant Fintec
ALICON,Alicon Castalloy
ALIVUS,Alivus Life Sciences
ALKEM,Alkem Laboratories
ALKYLAMINE,Alkyl Amines Chem
ALLCARGO,Allcargo Logistics
ALLDIGI,Alldigi Tech
ALLTIME,All Time Plastics
ALMONDZ,Almondz Global Sec
ALOKINDS,Alok Industries
ALPA,Alpa Laboratories
ALPHA,KOTAKALPHA
ALPHAETF,ALPHAETF
ALPHAGEO,Alphageo (India)
ALPL30IETF,ALPHALIETF
AMAGI,Amagi Media Labs
AMANTA,Amanta Healthcare
AMBALALSA,Ambalal Sarabhai Ent
AMBER,Amber Enterprises
AMBICAAGAR,Ambica Agarbathies
AMBIKCO,Ambika Cotton Mills
AMBUJACEM,Ambuja Cement
AMDIND,AMD Industries
AMIRCHAND,Amir Chand Jagdish
AMJLAND,AMJ Land Holdings
AMNPLST,Amines & Plasticizers
AMRUTANJAN,Amrutanjan Health
ANANDRATHI,Anand Rathi Weal
ANANTRAJ,Anant Raj
ANDHRAPAP,Andhra Paper
ANDHRSUGAR,Andhra Sugars
ANGELONE,Angel One
ANMOL,Anmol India
ANTELOPUS,Antelopus Selan Ener
ANTGRAPHIC,Antarctica
ANTHEM,Anthem Biosciences
ANUHPHR,Anuh Pharma
ANUP,Anup Engineering
ANURAS,Anupam Rasayan
AONEGOLD,AONEGOLD
AONELIQUID,AONELIQUID
AONENIFTY,AONENIFTY
AONESILVER,Angel One Silver ETF
AONETMMQ50,AONETMMQ50
AONETOTAL,AONETOTAL
APARINDS,Apar Industries
APCL,Anjani Portland Cem.
APCOTEXIND,Apcotex Industries
APEX,Apex Frozen Foods
APLAPOLLO,APL Apollo Tubes
APLLTD,Alembic Pharma
APOLLO,Apollo Micro Systems
APOLLOHOSP,Apollo Hospitals
APOLLOPIPE,Apollo Pipes
APOLLOTYRE,Apollo Tyres
APOLSINHOT,Apollo Sindoori Hotels
APTECHT,Aptech
APTUS,Aptus Value Housing
AQYLON,Aqylon Nexus
ARCHIDPLY,Archidply Industries
ARCHIES,Archies
ARE&M,Amara Raja Energy
ARENTERP,Rajdarshan Inds
ARFIN,Arfin India
ARIES,Aries Agro
ARIHANT,Arihant Foundations
ARIHANTCAP,Arihant Capital
ARIHANTSUP,Arihant Superstructures
ARIS,Arisinfra Solutions
ARKADE,Arkade Developers
ARMANFIN,Arman Financial Serv
AROGRANITE,Aro Granite Inds
ARROWGREEN,Arrow Greentech
ARSSBL,Anand Rathi Share
ARTEMISMED,Artemis Medicare
ARTNIRMAN,Art Nirman
ARVEE,Arvee Labs (India)
ARVIND,Arvind
ARVINDFASN,Arvind Fashions
ARVSMART,Arvind Smartspaces
ASAHIINDIA,Asahi India Glass
ASAHISONG,Asahi Songwon
ASAL,Automotive Stamping
ASALCBR,Assoc Alcohol & Brew
ASHAPURMIN,Ashapura Minechem
ASHIANA,Ashiana Housing
ASHIKA,Ashika Credit Capital
ASHIMASYN,Ashima
ASHOKA,Ashoka Buildcon
ASHOKAMET,Ashoka Metcast
ASHOKLEY,Ashok Leyland
ASIANENE,Asian Energy Serv
ASIANHOTNR,Asian Hotels North
ASIANPAINT,Asian Paints
ASIANTILES,Asian Granito India
ASKAUTOLTD,ASK Automotive
ASMS,Avio Smart Market
ASPINWALL,Aspinwall & Co
ASTAR,Asian Star Co
ASTEC,Astec Lifesciences
ASTERDM,Aster DM Healthcare
ASTRAL,Astral
ASTRAMICRO,Astra Micro Wave
ASTRAZEN,Astrazeneca Pharma
ATALREAL,Atal Realtech
ATAM,Atam Valves
ATGL,Adani Total Gas
ATHERENERG,Ather Energy
ATL,Allcargo Terminal
ATLANTAA,Atlantaa
ATLANTAELE,Atlanta Electricals
ATLASCYCLE,Atlas Cycles Haryana
ATUL,Atul
ATULAUTO,Atul Auto
AUBANK,AU Small Fin. Bank
AURIGROW,Auri Grow India
AURIONPRO,Aurionpro Solutions
AUROPHARMA,Aurobindo Pharma
AURUM,Aurum Proptech
AUTOAXLES,Auto.Axle
AUTOBEES,NETFAUTO
AUTOIETF,ICICIAUTO
AVAILFC,Available Finance
AVALON,Avalon Technologies
AVANTEL,Avantel
AVANTIFEED,Avanti Feeds
AVG,AVG Logistics
AVL,Aditya Vision
AVONMORE,Avonmore Capital
AVROIND,Avro India
AVTNPL,AVT Natural Prod
AWFIS,Awfis Space Solution
AWHCL,Antony Waste
AWL,AWL Agri Business
AXISBANK,Axis Bank
AXISBNKETF,AXISBNKETF
AXISCADES,Axiscades Tech
AXISCETF,AXISCETF
AXISGOLD,AXISGOLD
AXISHCETF,AXISHCETF
AXISILVER,AXISILVER
AXISNIFTY,AXIS NIFTY ETF
AXISTECETF,AXISTECETF
AXISVALUE,AXISVALUE
AXITA,Axita Cotton
AXSENSEX,AXISPEGP
AYE,AYE Finance
AYMSYNTEX,Aym Syntex
AZAD,Azad Engineering
BAFNAPH,Bafna Pharma
BAGFILMS,BAG Films & Media
BAIDFIN,Baid Leasing & Fin
BAJAJ-AUTO,Bajaj Auto
BAJAJCON,Bajaj Corp
BAJAJELEC,Bajaj Electricals
BAJAJFINSV,Bajaj Finserv
BAJAJHCARE,Bajaj Healthcare
BAJAJHFL,Bajaj Housing Financ
BAJAJHIND,Bajaj Hindusthan Sug
BAJAJHLDNG,Bajaj Hold & Invest
BAJAJINDEF,BAJAJINDEF
BAJAJST,Bajaj Steel Industries
BAJEL,Bajel Projects
BAJFINANCE,Bajaj Finance
BALAJEE,Shree Tirup.Bal.Agro
BALAJITELE,Balaji Telefilms
BALAMINES,Balaji Amines
BALKRISHNA,Balkrishna Paper
BALKRISIND,Balkrishna Inds.
BALMLAWRIE,Balmer Lawrie & Co
BALPHARMA,Bal Pharma
BALRAMCHIN,Balrampur Chini Mill
BALUFORGE,Balu Forge Inds
BANARBEADS,Banaras Beads
BANARISUG,Bannari Amman Sugars
BANCOINDIA,Banco Products
BANDHANBNK,Bandhan Bank
BANG,Bang Overseas
BANK10ADD,BANK10ADD
BANKADD,BANKETFADD
BANKBARODA,Bank of Baroda
BANKBEES,Nippon India ETF Bank BeES
BANKBETA,UTIBANKETF
BANKBETF,BANKBETF
BANKETF,BANKETF
BANKIETF,ICICIBANKN
BANKINDIA,Bank Of India
BANKNIFTY1,KOTAKBKETF
BANKPSU,Mirae Asset NiftyPSU
BANSALWIRE,Bansal Wire Inds.
BANSWRAS,Banswara Syntex
BASF,BASF India
BASML,Bannari Amman Mills
BATAINDIA,Bata india
BATLIBOI,Batliboi
BAYERCROP,Bayer CropScience
BBETF0432,BBETF0432
BBL,Bharat Bijlee
BBNPNBETF,BBNPNBETF
BBNPPGOLD,BBNPPGOLD
BBOX,Black Bo
BBTC,Bombay Burmah Trdg.
BBTCL,B & B Triplewall
BCG,Brightcom Group
BCLIND,BCL Industries
BCONCEPTS,Brand Concepts
BCPL,BCPL Railway Infra
BDL,Bharat Dynamics
BEARDSELL,Beardsell
BECTORFOOD,Mrs Bectors Food
BEDMUTHA,Bedmutha Industries
BEEKAY,Beekay Steel Inds
BEL,Bharat Electronics
BELLACASA,Bella Casa Fashion
BELRISE,Belrise Industri
BEML,BEML
BENGALASM,Bengal & Assam Co
BEPL,Bhansali Engg. Poly.
BERGEPAINT,Berger Paints India
BESTAGRO,Best Agrolife
BETA,Beta Drugs
BFINVEST,BF Investment
BFSI,Mirae Asset Nifty Fin Serv ETF
BFUTILITIE,BF Utilities
BHAGCHEM,Bhagiradha Chem
BHAGERIA,Bhageria Industries
BHARATCOAL,Bharat Coking Coal
BHARATFORG,Bharat Forge
BHARATGEAR,Bharat Gears
BHARATRAS,Bharat Rasayan
BHARATSE,Bharat Seats
BHARATWIRE,Bharat Wire Ropes
BHARTIARTL,Bharti Airtel
BHARTIHEXA,Bharti Hexacom
BHEL,BHEL
BI,Bilcare
BIGBLOC,Bigbloc Construction
BIKAJI,Bikaji Foods Inter.
BIL,Bhartiya Intl
BIMETAL,Bimetal Bearings
BIOCON,Biocon
BIOFILCHEM,Biofil Chem & Pharma
BIRLACORPN,Birla Corporation
BIRLAMONEY,Aditya Birla Money
BIRLANU,BirlaNu
BIRLAPREC,Birla Precision
BLACKBUCK,BlackBuck
BLACKROSE,Black Rose Inds
BLAL,BEML Land Assets
BLBLIMITED,BLB
BLIL,Balmer Lawie Invst
BLISSGVS,Bliss GVS Pharma
BLKASHYAP,BL Kashyap & Sons
BLS,BLS Intl Serv
BLSE,BLS E-Services
BLUECHIP,Blue Chip India
BLUEDART,Blue Dart Express
BLUEJET,Blue Jet Healthcare
BLUESTARCO,Blue Star
BLUESTONE,Bluestone Jewellery
BLUSPRING,Bluspring Enterprise
BMWVENTLTD,BMW Ventures
BNALTD,B&A
BOMDYEING,Bombay Dyeing Mfg.
BONLON,Bonlon Industries
BORANA,Borana Weaves
BOROLTD,Borosil
BORORENEW,Borosil Renewables
BOROSCI,Borosil Scientific
BOSCH-HCIL,Bosch Home Comfort
BOSCHLTD,Bosch
BPCL,BPCL
BPL,BPL
BRIGADE,Brigade Enterprises
BRIGHOTEL,Brigade Hotel Ven.
BRITANNIA,Britannia Industries
BRNL,Bharat Road Network
BSE,BSE
BSE500IETF,BSE500IETF
BSL,BSL
BSLGOLDETF,BSLGOLDETF
BSLNIFTY,BSLNIFTY
BSLSENETFG,BSLSENETFG
BSOFT,Birlasoft
BTML,Bodhi Tree MM
BTTL,Bhilwara Tech Tex
BUILDPRO,Shankara Buildpro
BUTTERFLY,ButterflyGandhimathi
BVCL,Barak Valley Cem
BYKE,Byke Hospitality
CAMLINFINE,Camlin Fine Sciences
CAMPUS,Campus Active
CAMS,Computer Age Man
CANBK,Canara Bank
CANFINHOME,Can Fin Homes
CANHLIFE,Canara HSBC Life Ins
CANTABIL,Cantabil Retail
CAPACITE,Capacite Infra
CAPILLARY,Capillary Techno Ind
CAPITALSFB,Capital Small Fin.
CAPLIPOINT,Caplin Point Labs
CARBORUNIV,Carborundum Univer.
CARERATING,CARE Ratings
CARRARO,Carraro India
CARTRADE,Cartrade Tech
CARYSIL,Carysil
CASHIETF,CASHIETF
CASTROLIND,Castrol India
CCAVENUE,AvenuesAI
CCCL,Consolidated Const
CCHHL,Country Club
CCL,CCL Products India
CDSL,Central Dep. Service
CEATLTD,CEAT
CEIGALL,Ceigall India
CEINSYS,Ceinsys Tech
CELEBRITY,Celebrity Fashion
CELLO,Cello World
CEMPRO,Cemindia Projects
CENTENKA,Century Enka
CENTEXT,Century Extrusions
CENTRALBK,Central Bank of India
CENTRUM,Centrum Capital
CENTUM,Centum Electronics
CENTURYPLY,Century Plyboard
CERA,Cera Sanitaryware
CESC,CESC
CEWATER,Concord Enviro Sys.
CGCL,Capri Global Capital
CGPOWER,CG Power & Inds
CHALET,Chalet Hotels
CHAMBLFERT,Chambal Fertilisers
CHEMCON,Chemcon Speciality
CHEMICAL,CHEMICAL
CHEMPLASTS,Chemplast Sanmar
CHENNPETRO,Chennai Petro Corp
CHEVIOT,Cheviot Co
CHOICEGOLD,CHOICEGOLD
CHOICEIN,Choice Intl
CHOLAFIN,Cholamandalam Invest
CHOLAHLDNG,Cholamandalam Fin.
CIEINDIA,CIE Automotive India
CIFL,Capital India Finance
CINELINE,Cineline India
CINEVISTA,Cinevista
CIPLA,Cipla
CLEAN,Clean Science
CLEANMAX,Clean Max Env. Energ
CLSEL,Chaman L S Exports
CMPDI,Central Mine Planning & Design Inst
CMSINFO,CMS Info Systems
CNL,Creative Peripherals
COALINDIA,Coal India
COASTCORP,Coastal Corporation
COCHINSHIP,Cochin Shipyard
COCKERILL,John Cockerill India
COFFEEDAY,Coffee Day Entr
COFORGE,Coforge
COHANCE,Cohance Lifesciences
COLPAL,Colgate-Palmolive
COMFINTE,Comfort Intech
COMMOIETF,COMMOIETF
COMPUSOFT,Compucom Software
COMSYN,COMSYN
CONCOR,Container Corp
CONCORDBIO,Concord Biotech
CONFIPET,Confidence Petro
CONS,KOTAKCONS
CONSOFINVT,Consolidated Finvest
CONSUMBEES,Nippon India ETF Consumption
CONSUMER,Mirae Asset Nifty In
CONSUMIETF,CONSUMIETF
CONTROLPR,Control Print
CORALFINAC,Coral India Finance
COROMANDEL,Coromandel Intl
CORONA,CORONA Remedies
COSMOFIRST,Cosmo First
COUNCODOS,Country Condo's
CPEDU,Career Point Edutech
CPPLUS,Aditya Infotech
CPSEETF,CPSE ETF
CRAFTSMAN,Craftsman Automation
CRAMC,Canara Robeco Asset
CREATIVEYE,Creative Eye
CREDITACC,CreditAccess Grameen
CREST,Crest Ventures
CRISIL,CRISIL
CRIZAC,Crizac
CROMPTON,Crompton Greaves
CROWN,Crown Lifters
CSBBANK,CSB Bank
CSLFINANCE,CSL Finance
CTE,Cambridge Tech
CUB,City Union Bank
CUBEXTUB,Cubex Tubings
CUMMINSIND,Cummins India
CUPID,Cupid
CYBERTECH,Cybertech Systems
CYIENT,Cyient
CYIENTDLM,Cyient DLM
DABUR,Dabur India
DAICHI,Dai Ichi Karkaria
DALBHARAT,Dalmia Bharat
DALMIASUG,Dalmia Bharat Inds
DAMCAPITAL,DAM Capital Advi
DAMODARIND,Damodar Industries
DANGEE,Dangee Dums
DATAMATICS,Datamatic Global Ser
DATAPATTNS,Data Patterns (I)
DAVANGERE,Davangere Sugar Co
DBCORP,DB Corp
DBL,Dilip Buildcon
DBSTOCKBRO,DB Stock Brokers
DCAL,Dishman Carbogen
DCBBANK,DCB Bank
DCM,DCM
DCMSHRIRAM,DCM Shriram
DCMSRIND,DCM Shriram Inds.
DCW,DCW
DCXINDIA,DCX Systems
DDEVPLSTIK,Ddev Plastiks Ind.
DECCANCE,Deccan Cements
DECNGOLD,Deccan Gold Mines
DEEPAKFERT,Deepak Fert & Petro
DEEPAKNTR,Deepak Nitrite
DEEPINDS,Deep Industries
DEFENCE,DEFENCE
DELHIVERY,Delhivery
DELPHIFX,Ebixcash World
DELTACORP,Delta Corp
DELTAMAGNT,Delta Manufacturing
DEN,DEN Networks
DENORA,De Nora India
DENTA,Denta Water And Inf
DEVIT,Dev It
DEVX,Dev Accelerator 
DEVYANI,Devyani
DGCONTENT,Digicontent
DHAMPURSUG,Dhampur Sugar Mills
DHANBANK,Dhanlaxmi Bank
DHANUKA,Dhanuka Agritech
DHARMAJ,Dharmaj Crop Guard
DHUNINV,Dhunseri Investments
DIACABS,Diamond Power Infra
DIAMINESQ,Diamines & Chemicals
DIAMONDYD,Prataap Snacks
DICIND,DIC India
DIFFNKG,Diffusion Engineers
DIGIDRIVE,Digidrive Distribut
DIGITIDE,Digitide Solutions
DIGJAMLMTD,DIGJAM
DISAQ,DISA India
DIVGIITTS,Divgi Torqtransfer
DIVIDEND,DIVIDEND
DIVISLAB,Divi's Labs
DIVOPPBEES,Nippon India ETF Dividend Opps
DIXON,Dixon Technologies
DJML,DJ Mediaprint & Logi
DLF,DLF
DLINKINDIA,D-Link (India)
DMART,Avenue Supermarts
DMCC,DMCC Speciality Chem
DNAMEDIA,Diligent Media Co
DODLA,Dodla Dairy
DOLATALGO,Dolat Algotech
DOLLAR,Dollar Industries
DOLPHIN,Dolphin Enterprise
DOMS,DOMS Industries
DONEAR,Donear Industries
DPABHUSHAN,DP Abhushan
DPWIRES,DP Wires
DRAGARWQ,Dr Agarwal's Hosp
DRCSYSTEMS,DRC Systems
DREAMFOLKS,Dreamfolks Services
DREDGECORP,Dredging Corporation
DRREDDY,Dr Reddy's Labs
DSFCL,DCM Shriram Fine Che
DSSL,Dynacons Systems
DTIL,Dhunseri Tea
DVL,Dhunseri Ventures
DWARKESH,Dwarikesh Sugar
DYCL,Dynamic Cables
DYNAMATECH,Dynamatic Tech
DYNPRO,Dynemic Products
E2E,E2E Networks
EASEMYTRIP,EaseMyTrip
EBANKNIFTY,EBANKNIFTY
EBBETF0430,EBBETF0430
EBBETF0431,EBBETF0431
EBBETF0433,EBBETF0433
EBGNG,GNG Electronics
ECAPINSURE,Edelweiss BSE Capita
ECLERX,eClerx Services
EDELWEISS,Edelweiss Financial Services
EFCIL,EFC (I)
EGOLD,EGOLD
EICHERMOT,Eicher Motors
EIDPARRY,EID-Parry India
EIEL,Enviro Infra Engine.
EIFFL,Euro India Fresh Foods
EIHAHOTELS,EIH Associated Hotel
EIHOTEL,EIH
EIMCOELECO,Eimco Elecon India
EKC,Everest Kanto
ELANTAS,ELANTAS Beck India
ELCIDIN,Elcid Investments
ELDEHSG,EHIL
ELECON,Elecon Engg Co
ELECTCAST,Electrosteel Castings
ELECTHERM,Electrotherm India
ELGIEQUIP,Elgi Equipments
ELGIRUBCO,ELGI Rubber Co
ELIN,Elin Electronics
ELIQUID,ELIQUID
ELITECON,Elitecon Intl
ELLEN,Ellenbarrie Indl.Gas
ELM250,Edelweiss Nifty Larg
ELPROINTL,Elpro International
EMAMILTD,Emami
EMAMIPAP,Emami Paper Mills
EMBDL,Embassy Developments
EMCURE,Emcure Pharma
EMIL,Electronics Mart Ind
EMKAY,EmkayGlobal Finl.Ser
EMMBI,Emmbi Industries
EMMVEE,Emmvee Photovoltaic
EMSLIMITED,EMS
EMUDHRA,eMudhra
EMULTIMQ,EDELAMC - EMULTIMQ
ENDURANCE,Endurance Tech
ENERGY,ENERGY
ENERGYDEV,Energy Development Co
ENEXT50,ENEXT50
ENGINERSIN,Engineers India
ENIFTY,Edelweiss Nifty 50
ENIL,Entertainment Network
ENRIN,Siemens Energy India
ENTERO,Entero Healthcare
EPACK,EPACK Durable
EPACKPEB,EPack Prefab Techno.
EPIGRAL,Epigral Ltd
EPL,EPL
EQUAL200-EQ,EQUAL200
EQUAL50,EQUAL50
EQUAL50ADD,DSP Mutual Fund
EQUITASBNK,Equitas Small Fin
ERIS,Eris Lifesciences
ESABINDIA,Esab india
ESAFSFB,ESAF Small Finance
ESCORTS,Escorts
ESENSEX,ESENSEX
ESG,MAESGETF
ESILVER,ESILVER
ESSARSHPNG,Essar Shipping
ESTER,Ester Industries
ETERNAL,Eternal (Zomato)
ETHOSLTD,Ethos
EUREKAFORB,Eureka Forbes
EUROBOND,Euro Panel Products
EUROPRATIK,Euro Pratik Sales
EUROTEXIND,Eurotex Industries
EVEREADY,Eveready Industries
EVERESTIND,Everest Industries
EVIETF,EVIETF
EVINDIA,EVINDIA
EXCELINDUS,Excel Industries
EXCELSOFT,Excelsoft Technologi
EXICOM,Exicom Tele-Systems
EXIDEIND,Exide Industries
EXPLEOSOL,Expleo Solutions
EXXARO,Exxaro Tiles
FABTECH,Fabtech Technologies
FACT,Fert & Chem Travan
FAIRCHEMOR,Fairchem Organics
FAZE3Q,Faze Three
FCL,Fineotex Chemical
FDC,FDC
FEDDERSHOL,Fedders Holding
FEDERALBNK,The Federal Bank
FEDFINA,Fedbank Financial
FERMENTA,Fermenta Biotech
FIBERWEB,Fiberweb
FIEMIND,Fiem Inds
FILATEX,Filatex India
FINCABLES,Finolex Cables
FINEORG,Fine Organic Inds.
FINIETF,ICICIFIN
FINKURVE,Finkurve Financial
FINOPB,Fino Payments Bk
FINPIPE,Finolex Industries
FIRSTCRY,Brainbees Solutions
FISCHER,Fischer Medical
FIVESTAR,Five Star Business
FLAIR,Flair Writing Indu.
FLEXIADD,FLEXIADD
FLEXITUFF,Flexituff Ventures
FLUOROCHEM,Gujarat Fluorochem
FMCGADD,DSP Nifty FMCG ETF
FMCGIETF,ICICIFMCG
FMGOETZE,Federal-Mogul Goetze
FOCUS,Focus Lighting
FOODSIN,Foods and Inns
FORCEMOT,Force Motors
FORTIS,Fortis Healthcare
FOSECOIND,Foseco India
FRACTAL,Fractal Analytics
FRONTSP,Frontier Springs
FSL,Firstsource Solution
FUSION,Fusion Finance
GABRIEL,Gabriel India
GAEL,Gujarat Ambuja Exp
GAIL,GAIL (India)
GALAPREC,Gala Precision Engi.
GALAXYSURF,Galaxy Surfactants
GALLANTT,Gallantt Ispat
GANDHAR,Gandhar Oil Refinery
GANDHITUBE,Gandhi Special Tubes
GANECOS,Ganesha Ecosphere
GANESHBE,Ganesh Benzoplast
GANESHCP,Ganesh Consumer Prod
GANESHHOU,Ganesh Housing
GANGAFORGE,Ganga Forging
GANGESSECU,Ganges Securities
GARFIBRES,Garware Tech Fibre
GARUDA,Garuda Const. & Eng.
GATECH,GACM Technologies
GATECHDVR,SCAPDVR
GATEWAY,Gateway Distri
GAYAHWS,Gayatri Highways
GCSL,Gretex Corporate
GEECEE,GeeCee Vntrs
GEEKAYWIRE,Geekay Wires
GENCON,Generic Engg
GENESYS,Genesys Intl Corp
GENUSPAPER,Genus Paper & Boards
GENUSPOWER,Genus Power Infra
GEOJITFSL,Geojit Finl. Service
GESHIP,GE Shipping
GFLLIMITED,GFL
GHCL,GHCL
GHCLTEXTIL,GHCL Textiles
GICHSGFIN,GIC Housing Finance
GICL,Globe Intl Carriers
GICRE,General Insurance
GILLANDERS,Gillanders Arbuthnot
GILLETTE,Gillette India
GILT10BETA,NIF10GETF
GILT5BETA,NIF5GETF
GILT5YBEES,NETFGILT5Y
GINNIFILA,Ginni Filaments
GIPCL,Guj Inds Power Co
GKENERGY,GK Energy
GKSL,Guj. Kidney & Super
GKWLIMITED,GKW
GLAND,Gland Pharma
GLAXO,GSK Pharma
GLENMARK,Glenmark Pharma
GLOBAL,Global Education
GLOBALVECT,Global Vectra
GLOBE,Globe Enterprises(I)
GLOBUSSPR,Globus Spirits
GLOSTERLTD,Gloster
GMBREW,GM Breweries
GMDCLTD,GMDC
GMMPFAUDLR,GMM Pfaudler
GMRAIRPORT,GMR Airports
GMRP&UI,GMR Power
GNA,GNA Axles
GNFC,GNFC
GNRL,GNRL
GOACARBON,Goa Carbon
GOCLCORP,GOCL Corp
GOCOLORS,Go Fashion (India)
GODAVARIB,Godavari Biorefin
GODFRYPHLP,Godfrey Phillips
GODIGIT,Go Digit General Ins
GODREJAGRO,Godrej Agrovet
GODREJCP,Godrej Consumer
GODREJIND,Godrej Industries
GODREJPROP,Godrej Properties
GOKEX,Gokaldas Exports
GOKUL,Gokul Refoils
GOKULAGRO,Gokul Agro Resources
GOLD1,Kotak - MF - Gold ETF
GOLD360,GOLD360
GOLDADD,GOLDETFADD
GOLDBEES,Nippon India ETF Gold BeES
GOLDBETA,UTI GOLD ETF
GOLDBND,GOLDBND
GOLDCASE,GOLDCASE
GOLDETF,MAGOLDETF
GOLDIAM,Goldiam Intl
GOLDIETF,ICICI Prud Gold ETF
GOLDTECH,AION-Tech Solutions
GOODLUCK,Goodluck India
GOODYEAR,Goodyear India
GOPAL,Gopal Snacks
GOYALALUM,Goyal Aluminiums
GPIL,Godawari Pwr
GPPL,Gujarat Pipavav Port
GPTHEALTH,GPT Healthcare
GPTINFRA,GPT Infraprojects
GRADIENTE,Gradiente Infotain.
GRANDOAK,Grand Oak Canyons
GRANULES,Granules India
GRAPHITE,Graphite India
GRASIM,Grasim Industries
GRAUWEIL,Grauer & Weil
GRAVISSHO,Graviss Hospitality
GRAVITA,Gravita India
GREAVESCOT,Greaves Cotton
GREENLAM,Greenlam Industries
GREENPANEL,Greenpanel Inds.
GREENPLY,Greenply Industries
GREENPOWER,Orient Green Power
GRINDWELL,Grindwell Norton
GRINFRA,GR Infraprojects
GRMOVER,GRM Overseas
GROBTEA,Grob Tea Co
GROWW,Groww
GROWWCAPM,GROWWCAPM
GROWWCHEM,GROWWCHEM
GROWWDEFNC,Groww Nifty India Defence ETF
GROWWEV,GROWWEV
GROWWGOLD,Groww Gold ETF
GROWWHOSPI,GROWWHOSPI
GROWWLIQID,Groww Nifty 1D Rate Liquid ETF
GROWWLOVOL,GROWWLOVOL
GROWWMC150,GROWWMC150
GROWWMETAL,GROWWMETAL
GROWWMOM50,Groww Nifty 500 Momentum 50 ETF
GROWWN200,Groww Nifty 200 ETF
GROWWNET,Groww Nifty India Internet ETF
GROWWNIFTY,Groww Nifty 50 ETF
GROWWNXT50,Groww Nifty Next 50 ETF
GROWWPOWER,GROWWPOWER
GROWWPSE,GROWWPSE
GROWWPSUBK,Groww Nifty PSU Bank ETF
GROWWRAIL,Groww Nifty India Railways PSU ETF
GROWWRLTY,GROWWRLTY
GROWWSC250,GROWWSC250
GROWWSLVR,Groww Silver ETF
GRPLTD,GRP
GRSE,Garden Reach
GRWRHITECH,Garware Hi Tech
GSEC10IETF,GSEC10IETF
GSEC5IETF,ICICI5GSEC
GSFC,GSFC
GSLSU,Global Surfaces
GSPCROP,GSP Crop Science
GTECJAINX,G-Tec Jainx Edu
GTL,GTL
GTLINFRA,GTL Infrastructure
GTPL,GTPL Hathway
GUFICBIO,Gufic Biosciences
GUJALKALI,Gujarat Alkalies
GUJAPOLLO,Gujarat Apollo Inds
GUJGASLTD,Gujarat Energy
GUJRAFFIA,Gujarat Raffia Inds
GUJTHEM,Guj Themis Biosyn
GULFOILLUB,Gulf Oil Lubricants
GULFPETRO,GP Petroleums
GULPOLY,Gulshan Polyols
GVPIL,GE Power India
GVPTECH,GVP Infotech
GVT&D,GE Vernova T&D India
HAL,HAL
HALDER,Halder Venture
HALDYNGL,Haldyn Glass
HALEOSLABS,Haleos Labs
HAPPSTMNDS,Happiest Minds Tech.
HAPPYFORGE,Happy Forgings
HARDWYN,Hardwyn India
HARIOMPIPE,Hariom Pipe Inds
HARRMALAYA,Harrisons Malayalam
HARSHA,Harsha Engineers Int
HATHWAY,Hathway Cable
HATSUN,Hatsun Agro Prod
HAVELLS,Havells India
HAVISHA,Sri Havisha Hosp
HAWKINCOOK,Hawkins Cookers
HBESD,HB Estate Developers
HBLENGINE,HBL Engineering
HCC,Hindustan Constr
HCG,Healthcare Global
HCL-INSYS,HCL Infosystems
HCLTECH,HCL Tech.
HDBFS,HDB Financial Services
HDFCAMC,HDFC Asset Mgmt Co
HDFCBANK,HDFC Bank
HDFCBSE500,HDFCBSE500
HDFCGOLD,HDFC MF - GETF
HDFCGROWTH,HDFCGROWTH
HDFCLIFE,HDFC Life Insurance
HDFCLIQUID-EQ,HDFC Nifty 1D Rate Liquid ETF - Growth
HDFCLOWVOL,HDFC NIFTY100 Low Vo
HDFCMID150,HDFCMID150
HDFCMOMENT,HDFC NIFTY200 Mom 30
HDFCNEXT50,HDFCNEXT50
HDFCNIF100,HDFCNIF100
HDFCNIFBAN,HDFCNIFBAN
HDFCNIFIT,HDFCNIFIT
HDFCNIFTY,HDFCNIFTY
HDFCPSUBK,HDFCPSUBK
HDFCPVTBAN,HDFCPVTBAN
HDFCQUAL,HDFCQUAL
HDFCSENSEX,HDFCSENSEX
HDFCSILVER,HDFCSILVER
HDFCSML250,HDFCSML250
HDFCVALUE,HDFCVALUE
HEADSUP,Mandhana Retail
HEALTHADD,HEALTHADD
HEALTHCARE,HEALTHCARE
HEALTHIETF,ICICIPHARM
HEALTHX,Health X Platform
HEALTHY,BSL Nifty Healthcare ETF
HECPROJECT,HEC Infra Projects
HEG,HEG
HEIDELBERG,Heidelberg Cement
HEMIPROP,Hemisphere Prop
HERANBA,Heranba Industries
HERITGFOOD,Heritage Foods
HEROMOTOCO,Hero MotoCorp
HESTERBIO,Hester Biosciences
HEXATRADEX,Hexa Tradex
HEXT,HEXT
HFCL,HFCL
HGINFRA,HGIEL
HGM,HandsOn Global Manag
HGS,Hinduja Global
HIKAL,Hikal
HIMATSEIDE,Himatsingka Seide
HINDALCO,Hindalco
HINDCOMPOS,Hindustan Composites
HINDCOPPER,Hindustan Copper
HINDOILEXP,HOEC
HINDPETRO,HPCL
HINDUNILVR,Hindustan Unilever
HINDWAREAP,Hindware Home Innovation Limited
HINDZINC,Hindustan Zinc
HIRECT,Hind Rectifiers
HISARMETAL,Hisar Metal Inds
HITECH,Hi-Tech Pipes
HLEGLAS,HLE Glascoat
HLVLTD,HLV
HMAAGRO,HMA Agro Indus
HMVL,Hindustan Media
HNDFDS,Hindustan Foods
HNGSNGBEES,Nippon ETF HangSeng BeES
HOMEFIRST,Home First Finance
HONASA,Honasa Consumer
HONAUT,Honeywell Automation
HONDAPOWER,Honda Power Prods
HPAL,Hp Adhesives
HPIL,Hindprakash Inds
HPL,HPL Electric & Power
HSBCGOLD,HSBCGOLD
HSCL,Himadri Speciality
HTMEDIA,HT Media
HUBTOWN,Hubtown
HUDCO,HUDCO
HUHTAMAKI,Huhtamaki India
HYBRIDFIN,Hybrid Fin Serv
HYUNDAI,Hyundai Motor India
ICDSLTD,ICDS
ICEMAKE,Ice Make Refrig
ICICIAMC,ICICI Prud.Asset Man
ICICIB22,ICICIB22
ICICIBANK,ICICI Bank
ICICIGI,ICICI Lombard Gen.
ICICIPRULI,ICICI Prudential
ICIL,Indo Count Inds
ICRA,ICRA
IDBI,IDBI Bank
IDEA,Vodafone Idea
IDFCFIRSTB,IDFC First Bank
IDFNIFTYET,IDFC Nifty ETF
IEX,IEX
IFBIND,IFB Industries
IFCI,IFCI
IFGLEXPOR,IFGL Refractories
IGARASHI,Igarashi Motors
IGCL,Indogulf Cropscience
IGIL,International Gemolo
IGL,Indraprastha Gas
IGPL,IGPL
IIFL,IIFL Finance
IIFLCAPS,IIFL Securities
IITL,Industrial Invest
IKIO,IKIO Technologies
IKS,Inventurus Knowledge
IMAGICAA,Imagicaaworld
IMFA,IMFA
IMPAL,IMPAL
INA,Insolation Energy
INCREDIBLE,Adhunik Industries
INDBANK,Indbank Merchant
INDGN,Indegene
INDHOTEL,Indian Hotel
INDIACEM,India Cements
INDIAGLYCO,India Glycols
INDIAMART,Indiamart Inter
INDIANB,Indian Bank
INDIANCARD,Indian Card Cloth
INDIANHUME,Indian Hume Pipe
INDIASHLTR,India Shelter Fin.
INDIGO,Interglobe Aviation
INDIGOPNTS,Indigo Paints
INDIQUBE,Indiqube Spaces
INDNIPPON,India Nippon Elec
INDOAMIN,Indo Amines
INDOBORAX,Indo Borax
INDOCO,Indoco Remedies
INDOFARM,Indo Farm Equipment
INDORAMA,Indo Rama Synthetics
INDOSTAR,IndoStar Capital
INDOTHAI,Indo Thai Secs
INDOUS,Indo US Bio-Tech
INDPRUD,Ind & Prud Invest
INDRAMEDCO,Indrapras Med Corp
INDSWFTLAB,Ind-Swift Labs
INDTERRAIN,Indian Terrain
INDUSINDBK,IndusInd Bank
INDUSTOWER,Indus Towers
INFOBEAN,Infobeans Tech.
INFOMEDIA,Infomedia Press
INFRA,INFRA
INFRABEES,Nippon India ETF Infra BeES
INFRAIETF,ICICI Prudential Nifty Infrastructure ETF
INFY,Infosys
INGERRAND,Ingersoll Rand
INNOVACAP,Innova Captab
INNOVANA,Innovana Thinklabs
INNOVISION,Innovision
INOXGREEN,Inox Green Energy Se
INOXINDIA,Inox India
INOXWIND,INOX Wind
INSECTICID,Insecticides India
INTELLECT,Intellect Design
INTENTECH,Intense Tech
INTERARCH,Interarch Building
INTERNET,INTERNET
INTLCONV,Intl Conveyors
INVENTURE,Inventure Growth
INVPRECQ,IPCL
IOB,Indian Overseas Bank
IOC,IOCL
IOLCP,IOLCP
IONEXCHANG,Ion Exchange
IPCALAB,Ipca Laboratories
IPL,India Pesticides
IRB,IRB Infra Devs
IRCON,Ircon International
IRCTC,IRCTC
IREDA,Indian Ren. Energy
IRFC,IRFC
IRIS,IRIS RegTech Solut.
IRISDOREME,Iris Clothings
IRMENERGY,IRM Energy
ISFT,Intrasoft Tech
ISGEC,ISGEC Heavy Engg
ISHANCH,Ishan Dyes and Chem.
IT,KOTAKIT
ITADD,ITETFADD
ITBEES,Nippon India ETF IT
ITBETA,NIFITETF
ITC,ITC
ITCHOTELS,ITC Hotels
ITDC,ITDC
ITETF,ITETF
ITI,ITI
ITIETF,ICICITECH
IVALUE,Ivalue Infosolutions
IVC,IL&FS Investment
IVP,IVP
IVZINGOLD,Invesco Gold ETF
IVZINNIFTY,Invesco Nifty ETF
IWP,Indian Wood Prods
IXIGO,Le Travenues Techno
IZMO,Izmo
J&KBANK,Jammu & Kashmir Bank
JAGRAN,Jagran Prakashan
JAGSNPHARM,Jagson Pal Pharma
JAICORPLTD,Jai Corp
JAINREC,Jain Resource Recycl
JAIPURKURT,Nandani Creation
JAMNAAUTO,Jamna Auto Inds
JARO,Jaro Inst. of Tech&R
JASH,Jash Engineering
JAYAGROGN,Jayant Agro-Organics
JAYBARMARU,Jay Bharat Maruti
JAYKAY,Jaykay Enterprises
JAYNECOIND,Jayaswal Neco Inds
JAYSREETEA,Jay Shree Tea
JBCHEPHARM,JB Chem & Pharma
JBMA,JBM Auto
JETFREIGHT,Jet Freight Logistic
JGCHEM,JG Chemicals
JHS,JHS Svendgaard Lab
JINDALPHOT,Jindal Photo
JINDALPOLY,Jindal Poly Films
JINDALSAW,Jindal SAW
JINDALSTEL,Jindal Steel
JINDRILL,Jindal Drilling
JINDWORLD,Jindal Worldwide
JIOFIN,JIO Financial Serv.
JISLDVREQS,Jain Irrigation - DVR
JISLJALEQS,Jain Irrigation Sys
JITFINFRA,JITF Infra
JKCEMENT,JK Cement
JKIL,J Kumar Infra
JKLAKSHMI,JK Lakshmi Cement
JKPAPER,JK Paper
JKTYRE,JK Tyre & Industries
JLHL,Jupiter Life Line
JMA,Jullundur Motor
JMFINANCIL,JM Financial
JNKINDIA,JNK India
JPOLYINVST,Jindal Poly Invst
JPPOWER,Jaiprakash Power
JSFB,Jana Small Fin. Bank
JSL,Jindal Stainless
JSLL,Jeena Sikho Life
JSWCEMENT,JSW Cement
JSWDULUX,JSW Dulux
JSWENERGY,JSW Energy
JSWHL,JSW Holdings
JSWINFRA,JSW Infrastructure
JSWSTEEL,JSW Steel
JTEKTINDIA,JTEKT India
JTLIND,JTL Industries
JUBLCPL,Jubilant Agri & Con.
JUBLFOOD,Jubilant Foodworks
JUBLINGREA,Jubilant Ingrevia
JUBLPHARMA,Jubilant Pharmova
JUNIORBEES,JUNIORBEES
JUNIPER,Juniper Hotels
JUSTDIAL,Just Dial
JWL,Jupiter Wagons
JYOTHYLAB,Jyothy Labs
JYOTICNC,Jyoti CNC Automation
JYOTISTRUC,Jyoti Structures
KABRAEXTRU,Kabra Extrus.technik
KAJARIACER,Kajaria Ceramics
KALAMANDIR,Sai Silks (Kalaman)
KALPATARU,Kalpataru
KALYANIFRG,Kalyani Forge
KALYANKJIL,Kalyan Jewellers
KAMAHOLD,Kama Holdings
KAMATHOTEL,Kamat Hotels
KAMDHENU,Kamdhenu
KAMOPAINTS,Kamdhenu Ventures
KANANIIND,Kanani Industries
KANPRPLA,Kanpur Plastipack
KANSAINER,Kansai Nerolac
KAPSTON,Kapston Services
KARMAENG,Karma Energy
KARURVYSYA,Karur Vysya Bank
KAUSHALYA,Kaushalya Infra
KAVDEFENCE,Kavveri Def. Wireles
KAYA,Kaya
KAYNES,Kaynes Technology
KCP,KCP
KCPSUGIND,KCP Sugar & Inds
KDDL,KDDL
KEC,KEC International
KEEPLEARN,DSJ Communications
KEI,KEI Industries
KELLTONTEC,Kellton Tech Soln
KENNAMET,Kennametal
KERNEX,Kernex Microsystem
KEYFINSERV,Keynote Financial
KFINTECH,KFin Technologies
KHADIM,Khadim
KHANDSE,Khandwala Securities
KICL,KICL
KILITCH,Kilitch Drugs
KIMS,KIMS
KINGFA,Kingfa Science
KIOCL,KIOCL
KIRANVYPAR,Kiran Vyapar
KIRIINDUS,Kiri Industries
KIRLFER,Kirloskar Ferrous
KIRLOSBROS,Kirloskar Brothers
KIRLOSENG,Kirloskar Oil Engines
KIRLOSIND,Kirloskar Industries
KIRLPNU,Kirloskar Pneumatic
KISSHT,OnEMI Technology
KITEX,Kitex Garments
KKCL,Kewal Kiran Clothing
KLBRENG-B,Kilburn Eng
KMEW,Knowledge Marine
KMSUGAR,KM Sugar Mills
KNAGRI,KN Agri Resources
KNRCON,KNR Constructions
KOHINOOR,Kohinoor Foods
KOKUYOCMLN,Kokuyo Camlin
KOLTEPATIL,Kolte-Patil Develop.
KOTAKBANK,Kotak Mahindra Bank
KOTARISUG,Kothari Sugars
KOTHARIPET,Kothari Petrochem
KOTHARIPRO,Kothari Products
KOTIC,Kothari Industrial
KOTYARK,Kotyark Industries
KOVAI,Kovai Medical Center
KPEL,KP ENERGY
KPIGREEN,KPI Green Energy
KPIL,Kalpataru Projects
KPITTECH,KPIT Tech
KPL,Kwality Pharma
KPRMILL,K.P.R. Mill
KRBL,KRBL
KREBSBIO,Krebs Biochem
KRIDHANINF,Kridhan Infra
KRISHANA,Krishana Phoschem
KRISHIVAL,Krishival Foods
KRISHNADEF,Krishna Defence
KRITIKA,Kritika Wires
KRONOX,Kronox Lab Sciences
KROSS,Kross
KRSNAA,Krsnaa
KRYSTAL,Krystal Integrated Services Ltd
KSB,KSB
KSCL,Kaveri Seed Co
KSHINTL,KSH International
KSL,Kalyani Steels
KSOLVES,Ksolves India
KTKBANK,Karnataka Bank
KUANTUM,Kuantum Papers
KWIL,Kwality Wall's India
LAGNAM,Lagnam Spintex
LAHOTIOV,Lahoti Overseas
LAL,Lorenzini Apparels
LALPATHLAB,Dr Lal PathLabs
LAMBODHARA,Lambodhara Textile
LANCORHOL,Lancor Holdings
LANDMARK,Landmark Cars
LANDSMILL,Landsmill Green
LAOPALA,La Opala Rg
LASA,Lasa Supergenerics
LATENTVIEW,Latent View
LAURUSLABS,Laurus Labs
LAXMICOT,Laxmi Cotspin
LAXMIDENTL,Laxmi Denta
LEMERITE,Le Merite Exports
LEMONTREE,Lemon Tree Hotels
LENSKART,Lenskart Solutions
LEXUS,Lexus Granito
LFIC,Lakshmi Finance
LGBBROSLTD,LG Balakrishnan
LGEINDIA,LG Electronics India
LGHL,Laxmi Goldorna
LIBAS,Libas Consumer Prods
LIBERTSHOE,Liberty Shoes
LICHSGFIN,LIC Housing Finance
LICI,LIC
LICMFGOLD,LICMFGOLD
LICNETFGSC,LICNMFET
LICNETFN50,LICNETFN50
LICNETFSEN,LICNETFSEN
LICNFNHGP,LICNFNHGP
LICNMID100,LICNMID100
LINC,Linc
LINCOLN,Lincoln Pharma
LINDEINDIA,Linde India
LIQGRWBEES,LIQGRWBEES
LIQUID,LIQUID
LIQUID1,KOTAKLIQ
LIQUIDADD,DSP BSE Liquid
LIQUIDBEES,LIQUIDBEES
LIQUIDBETF,LIQUIDBETF
LIQUIDCASE,LIQUIDCASE
LIQUIDETF,LIQUIDETF
LIQUIDIETF,LIQUIDIETF
LIQUIDPLUS,LIQUIDPLUS
LIQUIDSBI,LIQUIDSBI
LIQUIDSHRI,LIQUIDSHRI
LLOYDSENGG,Lloyds Engr Works
LLOYDSENT,Lloyds enterprises limited
LLOYDSME,Lloyds Metals
LMW,LMW
LODHA,Lodha Developers
LORDSCHLO,Lords Chloro Alkali
LOTUSDEV,Sri Lotus Developers
LOTUSEYE,Lotus Eye Hosp
LOVABLE,Lovable Lingerie
LOWVOL-EQ,LOWVOL
LOWVOL1,KOTAKLOVOL
LOWVOLIETF,ICICILOVOL
LPDC,LPDCL
LT,L&T
LTF,L&T Finance
LTFOODS,LT Foods
LTGILTBEES,LTGILTBEES
LTGILTCASE,LTGILTCASE
LTM,LTM
LTTS,L&T Technology Serv.
LUMAXIND,Lumax Industries
LUMAXTECH,Lumax Auto Tech
LUPIN,Lupin
LUXIND,Lux Industries
LXCHEM,Laxmi Organic Inds.
LYKALABS,Lyka Labs
LYPSAGEMS,Lypsa Gems
M&M,Mahindra & Mahindra
M&MFIN,Mah & Mah Finl. Serv
MAANALU,Maan Aluminium
MACPOWER,Macpower CNC
MADHAV,Madhav Marbles
MADHAVIPL,Madhav Infra Proj
MADHUCON,Madhucon Projects
MADRASFERT,Madras Fertilizers
MAFANG,Mirae Asset NYSE FANG+ ETF
MAFATIND,Mafatlal Industries
MAGADSUGAR,Magadh Sugar & Energ
MAGNUM,Magnum Ventures
MAHABANK,Bank of Maharashtra
MAHAPEXLTD,Maha Rashtra Apex
MAHEPC,Mahindra EPC Irrig
MAHESHWARI,Maheshwari Logistics
MAHKTECH,MAHKTECH
MAHLIFE,Mahindra Lifespace
MAHLOG,Mahindra Logistics
MAHSCOOTER,Maharashtra Scooters
MAHSEAMLES,Maharashtra Seamless
MAITHANALL,Maithan Alloys
MAJESAUT,Majestic Auto
MAKEINDIA,MAMFGETF
MALLCOM,Mallcom
MALUPAPER,Malu Paper Mills
MAMATA,Mamata Machinery
MANAKALUCO,Manaksia Aluminium
MANAKCOAT,Manaksia Coated
MANAKSIA,Manaksia
MANALIPETC,Manali Petrochem
MANAPPURAM,Manappuram Finance
MANBA,Manba Finance
MANCREDIT,MCFL
MANGLMCEM,Mangalam Cement
MANINDS,Man Industries
MANINFRA,Man InfraConstruct
MANKIND,Mankind Pharma
MANOMAY,Manomay Tex India
MANORAMA,Manorama Inds
MANUFGBEES,MANUFGBEES
MANUGRAPH,Manugraph India
MANYAVAR,Vedant Fashions
MAPMYINDIA,CE Info Systems
MARATHON,Marathon Nextgen
MARICO,Marico
MARINE,Marine Electrials
MARKOLINES,Markolines Pave Tech
MARKSANS,Marksans Pharma
MARSONS,Marsons
MARUTI,Maruti Suzuki
MASFIN,MAS Financial
MASPTOP50,MASPTOP50
MASTEK,Mastek
MASTERTR,Master Trust
MATRIMONY,Matrimony.Com
MAXESTATES,Max Estates
MAXHEALTH,Max Healthcare
MAXIND,Max India
MAYURUNIQ,Mayur Uniquoters
MAZDA,Mazda
MAZDOCK,Mazagon Dock Ship
MBAPL,MBAPL
MBEL,M&B Engineering
MBLINFRA,MBL Infrastructures
MCCHRLS-B,Mac Charles
MCL,M Tek Copper
MCLOUD,Magellanic Cloud
MCX,MCX
MEDANTA,Global Health
MEDIASSIST,Medi Assist Health
MEDICAMEQ,Medicamen Biotech
MEDICO,Medico Remedies
MEDPLUS,Medplus Health Services
MEESHO,Meesho
MEGASTAR,Megastar Foods
MENNPIS,Menon Pistons
MENONBE,Menon Bearings
MERCANTILE,Mercantile Ventures
METAL,Mirae Asset Nifty
METALIETF,METALIETF
METROBRAND,Metro Brands
METROGLOBL,Metroglobal
METROPOLIS,Metropolis Health.
MFML,Mahalaxmi Fabric
MFSL,Max Fin Services
MGEL,Mangalam Global Entr
MGL,Mahanagar Gas
MHLXMIRU,MRT
MHRIL,Mahindra Holi.&Resor
MICEL,MIC Electronics
MID150,MID150
MID150BEES,MID150BEES
MID150CASE,Zerodha Nifty Midcap
MIDCAP,KOTAKMID50
MIDCAPADD,MIDCAPADD
MIDCAPBETA,NIFMID150
MIDCAPETF,MAM150ETF
MIDCAPIETF,ICICIM150
MIDHANI,Mishra Dhatu Nigam
MIDQ50ADD,DSPQ50ETF
MIDSELIETF,MIDSELIETF
MIDSMALL,MIDSMALL
MIDWESTLTD,Midwest
MINDACORP,Minda Corporation
MINDTECK,Mindteck (India)
MIRZAINT,Mirza International
MITCON,MITCON Consultancy
MITTAL,Mittal Life Style
MKPL,MK Proteins
MMFL,MM Forgings
MMP,MMP Industries
MMTC,MMTC
MNC,KOTAKMNC
MOALPHA50,MOALPHA50
MOBANK10,MOBANK10
MOBIKWIK,One Mobikwik Systems
MOCAPITAL,Motilal Oswal Nifty
MODEFENCE,MODEFENCE
MODIRUBBER,Modi Rubber
MODIS,Modi's Navnirman
MODTHREAD,Modern Threads
MOENERGY,Motilal Oswal Nifty
MOGOLD,MOGOLD
MOGSEC,MO 5 Year G-Sec ETF
MOHEALTH,MOHEALTH
MOHITIND,Mohit Industries
MOIL,MOIL
MOINFRA,MOINFRA
MOIPO,Motilal Oswal BSE
MOKSH,Moksh Ornaments
MOL,Meghmani
MOLDTECH,Mold-Tek Tech
MOLDTKPAC,Mold-Tek Packaging
MOLOWVOL,MOLOWVOL
MOM100,MOM100
MOM30IETF,MOM30IETF
MOM50,Motilal Oswal Mutual
MOMENTUM,Aditya Birla Nif200
MOMENTUM30,MOMENTUM30
MOMENTUM50,MOMENTUM50
MOMGF,MOMGF
MOMIDMTM,MOMIDMTM
MOMNC,MOMNC
MOMOMENTUM,MOMOMENTUM
MON100,Motilal-NASDAQ 100
MON50EQUAL,MON50EQUAL
MONARCH,Monarch Networth
MONEXT50,Motilal Oswal Nifty
MONEYBOXX,Moneyboxx Finance
MONIFTY100,Motilal Oswal Nifty
MONIFTY500,MONIFTY500
MONQ50,MONQ50
MONTECARLO,Monte Carlo Fashions
MOPSE,Motilal Oswal Nifty
MOQUALITY,Motilal Osl S&P BSEQ
MOREALTY,MOREALTY
MOREPENLAB,Morepen Labs
MOSCHIP,Moschip Tech
MOSERVICE,Motilal Oswal Nifty
MOSILVER,MOSILVER
MOSMALL250,MOSMALL250
MOTHERSON,Samvardhana Motherson
MOTILALOFS,MO Financial
MOTISONS,Motisons Jewellers
MOTOUR,Motilal Oswal Nifty
MOVALUE,Motilal S&P BSE EnVl
MPHASIS,Mphasis
MPSLTD,MPS
MRF,MRF
MRPL,MRPL
MSCI360,MSC1360O
MSCIADD,MSCIADD
MSCIINDIA,MSCIINDIA
MSPL,MSP Steel & Power
MSTCLTD,MSTC
MSUMI,Motherson Sumi Wiring India
MTARTECH,MTAR Technologies
MTNL,MTNL
MUFIN,Mufin Green Finance
MUFTI,Credo Brands Mktg
MUKANDLTD,Mukand
MUKKA,Mukka Proteins
MUKTAARTS,Mukta Arts
MULTICAP,MULTICAP
MUNJALAU,Munjal Auto Inds
MUNJALSHOW,Munjal Showa
MURUDCERA,Murudeshwar Ceramics
MUTHOOTCAP,Muthoot Capital Serv
MUTHOOTFIN,Muthoot Finance
MUTHOOTMF,Muthoot Microfin
MVGJL,Manoj Vaibhav Gems
MWL,Mangalam Worldwide
NACLIND,NACL Industries
NAGREEKEXP,Nagreeka Exports
NAHARCAP,Nahar Cap & Fin
NAHARINDUS,Nahar Inds Enter
NAHARPOLY,Nahar Poly Films
NAM-INDIA,Nippon Life India AMC
NARMADA,Narmada Agrobase
NATCAPSUQ,Natural Capsules
NATCOPHARM,Natco Pharma
NATHBIOGEN,Nath Bio-Genes
NATIONALUM,NALCO
NATIONSTD,National Stndrd
NAUKRI,Info Edge (India)
NAVA,Nava
NAVINFLUOR,Navin Fluorine Intl
NAVKARCORP,Navkar Corporation
NAVKARURB,Navkar Urban
NAVNETEDUL,Navneet Education
NAZARA,Nazara Technologies
NBCC,NBCC (India)
NBIFIN,NBI Industrial Fin
NCC,NCC
NCLIND,NCL Industries
NDGL,Naga Dhunseri Group
NDL,Nandan Denim
NDLVENTURE,NXTDigital
NDRAUTO,NDR Auto Components
NDTV,New Delhi Television
NEAGI,Neelamalai Agro
NECCLTD,North Eastern Carrying
NELCAST,Nelcast
NELCO,NELCO
NEOGEN,Neogen Chemicals
NEPHROPLUS,Nephrocare Health Se
NESCO,Nesco
NESTLEIND,Nestle
NETF,Tata Asset Mngt. Ltd.
NETWEB,Netweb Technologies
NETWORK18,Network18 Media
NEULANDLAB,Neuland Laboratories
NEWGEN,Newgen Software Tech
NEXT30ADD,DSP BSE Sensex Next
NEXT50,NEXT50
NEXT50ADD,NEXT50ADD
NEXT50BETA,UTINEXT50
NEXT50ETF,NEXT50ETF
NEXT50IETF,ICICINXT50
NEXTMEDIA,Next Mediaworks
NFL,National Fertilizers
NGLFINE,NGL Fine Chem
NH,Narayana Hrudayalaya
NHPC,NHPC
NIACL,New India Assurance
NIBE,NIBE
NIBL,NRB Inds Bearings
NIF100BEES,Nippon India ETF Nifty 100
NIF100IETF,ICICI Prud Nifty 100 ETF
NIFTY1,Kotak Nifty ETF
NIFTY100EW,NIFTY100EW
NIFTYADD,NIFTY50ADD
NIFTYBEES,NIFTYBEES
NIFTYBETA,UTINIFTETF
NIFTYBETF,NIFTYBETF
NIFTYCASE,NIFTYCASE
NIFTYETF,NIFTYETF
NIFTYIETF,ICICI Prudent.Nifty
NIFTYQLITY,Aditya Birla Nif200Q
NIITLTD,NIIT
NIITMTS,NIIT Learning Sys
NILAINFRA,Nila Infrastructures
NILASPACES,Nila Spaces
NILE,NILE
NILKAMAL,Nilkamal
NIPPOBATRY,Indo National
NIRAJISPAT,Niraj Ispat Inds
NIRLON,Nirlon
NITCO,Nitco
NITINSPIN,Nitin Spinners
NITIRAJ,Nitiraj Engg
NITTAGELA,Nitta Gelatin
NIVABUPA,Niva Bupa Health Ins
NKIND,NK Industries
NLCINDIA,NLC India
NMDC,NMDC
NOCIL,NOCIL
NORBTEAEXP,Norben Tea & Exports
NORTHARC,Northern Arc Capital
NOVAAGRI,Nova Agritech
NOVARTIND,Novartis
NPBET,NPBET
NPST,Network People S
NRAIL,NR Agarwal Inds
NRBBEARING,NRB Bearings
NRL,Nupur Recyclers
NSIL,Nalwa Sons Invst
NSLNISP,NMDC Steel
NTPC,NTPC
NTPCGREEN,NTPC Green Energy
NUCLEUS,Nucleus Software Exp
NURECA,Nureca
NUVAMA,Nuvama Wealth
NUVOCO,Nuvoco Vistas
NV20,KOTAKNV20
NV20BEES,Nippon India ETF NV20
NV20IETF,NV20IETF
NYKAA,Nykaa
OAL,Oriental Aromatics
OBCL,OBCL
OBEROIRLTY,Oberoi Realty
OCCLLTD,OCCL
ODIGMA,Odigma Consult Solut
OFSS,Oracle Finl. Service
OIL,Oil India
OILIETF,OILIETF
OLAELEC,Ola Electric Mobility
OLECTRA,Olectra Greentech
OMAXE,Omaxe
OMFREIGHT,Om Freight Forwarder
OMINFRAL,Om Infra
OMNI,Omnitech Engineering
OMPOWER,Om Power Trans
ONEPOINT,One Point One Solutions
ONESOURCE,Onesource Specialty
ONGC,ONGC
ONMOBILE,Onmobile Global
ONWARDTEC,Onward Technologies
OPTIEMUS,Optiemus infracom
ORBTEXP,Orbit Exports
ORCHASP,Cybermate Infotek
ORCHPHARMA,Orchid Pharma
ORICONENT,Oricon Enterprises
ORIENTALTL,Oriental Trimex
ORIENTBELL,Orient Bell
ORIENTCEM,Orient Cement
ORIENTCER,Orient Abrasives
ORIENTELEC,Orient Electric
ORIENTHOT,Oriental Hotels
ORIENTLTD,Orient Press
ORIENTPPR,Orient Paper
ORIENTTECH,Orient Technologies
ORISSAMINE,OMDC
ORKLAINDIA,Orkla India
ORTINGLOBE,Ortin Global
OSWALGREEN,Oswal Greentech
OSWALPUMPS,Oswal Pumps
OSWALSEEDS,ShreeOswal Seeds
PACEDIGITK,Pace Digitek
PAGEIND,Page Industries
PAISALO,Paisalo Digital
PAKKA,Pakka
PALASHSECU,Palash Securities
PANACEABIO,Panacea Biotec
PANACHE,Panache Digilife
PANAMAPET,Panama Petrochem
PANSARI,Pansari Developers
PAR,Par Drugs & Chemical
PARACABLES,Paramount Comm
PARADEEP,Paradeep Phsphts
PARAGMILK,Parag Milk Foods
PARAS,Paras Defence
PARASPETRO,Paras Petrofils
PARKHOSPS,Park Medi World
PARKHOTELS,Apeejay Surrendra Park
PASHUPATI,Pashupati Cotspin
PASUPTAC,Pasupati Acrylon
PATANJALI,Patanjali Foods
PATELENG,Patel Engineering
PATELRMART,Patel Retail
PATINTLOG,Patel Integrated Log
PAUSHAKLTD,Paushak
PAYTM,Paytm
PCBL,PCBL Chemical
PCJEWELLER,PC Jeweller
PDMJEPAPER,Pudumjee Paper
PDSL,Pds In
PENIND,Pennar Industries
PERSISTENT,Persistent Systems
PETRONET,Petronet LNG
PFC,Power Finance Corp
PFIZER,Pfizer
PFS,PTC Financial Serv
PGEL,PG Electroplast
PGHH,P&G
PGHL,P&G Health
PGIL,Pearl Global Inds.
PHARMABEES,NETFPHARMA
PHOENIXLTD,Phoenix Mills
PICCADIL,Piccadily Agro
PIDILITIND,Pidilite Industries
PIGL,Power & Instrument
PIIND,PI Industries
PILANIINVS,Pilani Investment
PINELABS,Pine Labs
PIONEEREMB,Pioneer Embroideries
PIONRINV,Pioneer Investcorp
PIRAMALFIN,Piramal Finance
PITTIENG,Pitti Engineering
PIXTRANS,Pix Transmission
PKTEA,Peria Karamalai Tea
PLASTIBLEN,Plastiblends India
PLATIND,Platinum Industries
PML,Paul Merchants
PNB,PNB
PNBGILTS,PNB Gilts
PNBHOUSING,PNB Housing Finance
PNC,Pritish Nandy Comm
PNCINFRA,PNC Infratech
PNGJL,PN Gadgil Jewellers
PNGSREVA,PNGS Reva Diamond
POCL,Pondy Oxides
PODDARMENT,Poddar Pigments
POKARNA,Pokarna
POLICYBZR,PolicyBazaar
POLYCAB,Polycab India
POLYMED,Poly Medicure
POLYPLEX,Polyplex Corporation
PONNIERODE,Ponni Sugars (Erode)
POONAWALLA,Poonawalla Fincorp
POWERGRID,Power Grid Corp
POWERICA,Powerica
POWERINDIA,Hitachi Energy
POWERMECH,Power Mech Projects
PPAP,PPAP Automotive
PPL,Prakash Pipes
PPLPHARMA,Piramal Pharma
PRABHA,Prabha Energy
PRADPME,Pradeep Metals
PRAENG,Prajay Engineers
PRAJIND,Praj Industries
PRAKASH,Prakash Industries
PRAKASHSTL,Prakash Steelage
PRAVEG,Praveg
PRECAM,Precision Camshafts
PRECOT,Precot
PRECWIRE,Precision Wires
PREMCO,Premco Global
PREMEXPLN,Premier Explosives
PREMIERENE,Premier Energies
PRESTIGE,Prestige Estates
PRICOLLTD,Pricol
PRIMESECU,Prime Securities
PRIMO,Primo Chemicals
PRINCEPIPE,Prince Pipes
PRITI,Priti International
PRITIKAUTO,Pritika Auto Industr
PRIVISCL,Privi Speciality Che
PROSTARM,Prostarm Info System
PROTEAN,Protean e-Gov Tech.
PROZONER,Prozone Realty
PRSMJOHNSN,Prism Johnson
PRUDENT,Prudent
PRUDMOULI,Prudential Sugar
PSB,Punjab & Sind Bank
PSPPROJECT,PSP Projects
PSUBANK,Kotak Mahindra Mutual Fun
PSUBANKADD,DSPPSBKETF
PSUBNKBEES,Nippon India ETF PSU Bank BeES
PSUBNKIETF,PSUBANKICI
PTC,PTC India
PTCIL,PTC Industries
PTL,PTL Enterprises
PUNJABCHEM,Punjab Chem. & Corp
PURVA,Puravankara
PVP,PVP Ventures
PVRINOX,PVR
PVSL,Popular Vehicles and Services Ltd
PVTBANIETF,PVTBANIETF
PVTBANKADD,PVTBANKADD
PVTBKGROWW,PVTBKGROWW
PWL,Physicswallah
PYRAMID,Pyramid Technoplast
QGOLDHALF,Quantum Gold Fund - E T F
QNIFTY,Quantum Index
QUADFUTURE,Quadrant Future Tek
QUAL30IETF,QUAL30IETF
QUALITY30,QUALITY30
QUESS,Quess Corp
QUICKHEAL,Quick Heal Tech
QUINT,Quint Digital
RACLGEAR,RACL Geartech
RADAAN,Radaan Media Works
RADHIKAJWE,Radhika Jeweltech
RADIANTCMS,Radiant Cash Mgmnt.
RADICO,Radico Khaitan
RADIOCITY,Music Broadcast
RAILTEL,Railtel Corp
RAIN,Rain Industries
RAINBOW,Rainbow Children
RAJMET,Rajnandini Metal
RAJOOENG,Rajoo Engineers
RAJPALAYAM,Rajapalayam Mills
RAJRATAN,Rajratan Global Wire
RAJSREESUG,Rajshree Sugars
RAJTV,Raj Television
RALLIS,Rallis India
RAMANEWS,Shree Rama Newsprint
RAMAPHO,Rama Phosphates
RAMASTEEL,Rama Steel Tubes
RAMCOCEM,Ramco Cements
RAMCOIND,Ramco Inds.
RAMCOSYS,Ramco Systems
RAMKY,Ramky Infrastructure
RAMRAT,Ram Ratna Wires
RANASUG,Rana Sugars
RANEHOLDIN,Rane Holdings
RATEGAIN,RateGain
RATNAMANI,Ratnamani Metals
RATNAVEER,Ratnaveer Precision
RAYMOND,Raymond
RAYMONDLSL,Raymond Lifestyle
RAYMONDREL,Raymond Realty
RBA,Restaurant Brands
RBLBANK,RBL Bank
RBZJEWEL,RBZ Jewellers
RCF,Rashtriya Chemical
RECLTD,RECL
REDINGTON,Redington
REDTAPE,Redtape
REFEX,Refex Industries
REGENCERAM,Regency Ceramics
RELAXO,Relaxo Footwears
RELCHEMQ,Reliance Chemo
RELIABLE,Reliable Data Serv
RELIANCE,Reliance Industries
RELIGARE,Religare Enterprises
RELTD,Ravindra Energy
REMSONSIND,Remsons Industries
RENUKA,Shree Renuka Sugars
REPCOHOME,Repco Home Finance
REPL,Rudrabhishek Entr
REPRO,Repro India
RESPONIND,Responsive Industries
RETAIL,JHS Svendgaard Retl
RGL,Renaissance Global
RHETAN,Rhetan TMT
RHIM,RHI Magnesita
RHL,Robust Hotels
RICOAUTO,Rico Auto Inds
RIIL,Reliance Indl. Infra
RISHABH,Rishabh Instruments
RITCO,Ritco
RITES,RITES
RKDL,Ravi Kumar Distill
RKEC,RKEC Projects
RKFORGE,Ramkrishna Forgings
RKSWAMY,RK Swamy
RMDRIP,RM Drip & Sprinklers
RML,Rane Madras
RNBDENIMS,R & B Denims
ROHLTD,Royal Orchid Hotel
ROLEXRINGS,Rolex Rings
ROML,Raj Oil Mills
ROSSARI,Rossari Biotech
ROSSELLIND,Rossell India
ROSSTECH,Rossell Techsys
ROTO,Roto Pumps
ROUTE,Route Mobile
RPEL,Raghav Productivity
RPGLIFE,RPG Life Sciences
RPOWER,Reliance Power
RPPINFRA,RPP Infra Projects
RPPL,Rajshree Polypack
RPSGVENT,RPSG Ventures
RPTECH,Rashi Peripheral
RRIL,RRIL
RRKABEL,RR Kabel
RSDFIN,RSD Finance
RSL,Rajputana Stainless
RSWM,RSWM
RSYSTEMS,R Systems Intl.
RTNINDIA,RattanIndia Entr
RTNPOWER,RattanIndia Power
RUBFILA,Rubfila Intl
RUBICON,Rubicon Research
RUBYMILLS,Ruby Mills
RUCHINFRA,Ruchi Infra
RUCHIRA,Ruchira Papers
RUPA,Rupa & Company
RUSHIL,Rushil Decor
RUSTOMJEE,Keystone Realtors
RVHL,Ravinder Heights
RVNL,Rail Vikas Nigam
RVTH,Revathi Equip. Ind.
SAATVIKGL,Saatvik Green Energy
SADBHAV,Sadbhav Engineering
SADBHIN,Sadbhav Infra
SAFARI,Safari Industries(I)
SAGARDEEP,Sagardeep Alloys
SAGCEM,Sagar Cements
SAGILITY,Sagility
SAHLIBHFI,Shalibhadra Finance
SAHYADRI,Sahyadri Industries
SAIL,SAIL
SAILIFE,Sai Life Sciences
SAIPARENT,Sai Parenteral's
SAKAR,Sakar Healthcare
SAKHTISUG,Sakthi Sugars
SAKSOFT,Saksoft
SALASAR,Salasar Techno
SALONA,Salona Cotspin
SALZERELEC,Salzer Electronics
SAMBHAAV,Sambhaav Media
SAMBHV,Sambhv Steel Tubes
SAMHI,Samhi Hotels
SAMMAANCAP,Sammaan Capital
SAMPANN,Sampann Utpadan
SANATHAN,Sanathan Textiles
SANDESH,Sandesh
SANDHAR,Sandhar Technologies
SANDUMA,Sandur Manganese
SANGAMIND,Sangam India
SANGHVIMOV,Sanghvi Movers
SANOFI,Sanofi India
SANOFICONR,Sanofi Cons. Health
SANSERA,Sansera Engineering
SANSTAR,Sanstar
SAPPHIRE,Sapphire Foods
SAPPL,Shree Ajit Pulp
SARDAEN,Sarda Energy
SAREGAMA,Saregama India
SARLAPOLY,Sarla Performance
SASKEN,Sasken Technologies
SATIA,Satia Industries
SATIN,Satin Creditcare
SAURASHCEM,Saurashtra Cement
SAYAJIHOTL,Sayaji Hotels
SBC,SBC Exports
SBCL,Shivalik Bimetal
SBFC,SBFC Finance
SBGLP,Suratwwala Group
SBIBPB,SBIBPB
SBICARD,SBI Cards And Payment
SBIETFCON,SBIETFCON
SBIETFIT,SBIETFIT
SBIETFPB,SBIETFPB
SBIETFQLTY,SBIETFQLTY
SBILIFE,SBI Life Insurance
SBILIQETF,SBILIQETF
SBIMIDMOM,SBIMIDMOM
SBIN,SBI
SBINEQWETF,SBINEQWETF
SBINMID150,SBINMID150
SBISILVER,SBISILVER
SBISMLETF,SBISMLETF
SBIVALETF,SBIVALETF
SCANSTL,Scan Steels
SCHAEFFLER,Schaeffler India
SCHAND,S Chand & Co
SCHNEIDER,Schneider Electric
SCI,Shipping Corporation
SCILAL,Ship.Corp.(I) Land
SCODATUBES,Scoda Tubes
SDBL,Som DistilleriesBrew
SEAMECLTD,Seamec
SECMARK,SecMark Consultancy
SECURKLOUD,Securekloud Tech
SEDEMAC,Sedemac Mechatronics
SEIL,Shanti Educational
SELECTIPO,SELECTIPO
SELMC,SEL Mfg
SENCO,Senco Gold
SENORES,Senores Pharmaceutic
SENSEXADD,SENSEXADD
SENSEXBETA,UTISENSETF
SENSEXETF,SENSEXETF
SENSEXIETF,SENSEXIETF
SEPC,SEPC
SERVOTECH,Servotech Renewable
SESHAPAPER,Seshasayee Paper
SETF10GILT,SBI ETF 10 yr Gilt
SETFGOLD,SBI MF - SBI Gol
SETFNIF50,SETFNIFTY
SETFNIFBK,SETFBANK
SETFNN50,SBI ETF Nifty Next 50
SETL,Standard Engineering
SFL,Sheela Foam
SGFIN,SG Finserve
SGIL,Synergy Green Inds
SGL,STL Global
SGMART,SG Mart
SHADOWFAX,Shadowfax Tech.
SHAH,Shah Metacorp
SHAHALLOYS,Shah Alloys
SHAILY,Shaily
SHAKTIPUMP,Shakti Pumps
SHALBY,Shalby
SHALPAINTS,Shalimar Paints
SHANTI,Shanti Overseas
SHANTIGEAR,Shanthi Gears
SHANTIGOLD,Shanti Gold Internat
SHARDACROP,Sharda Cropchem
SHARDAMOTR,Sharda Motor
SHARDUL,Shardul Securities
SHAREINDIA,Share India
SHARIABEES,SHARIABEES
SHBAJRG,Shri Bajrang
SHEMAROO,Shemaroo Enter
SHILCTECH,Shilchar Tech
SHILPAMED,Shilpa Medicare
SHINDL,Sharat Industries
SHIVATEX,Shiva Texyarn
SHIVAUM,Shiv Aum Steels
SHK,SH Kelkar & Co
SHOPERSTOP,Shoppers Stop
SHRADHA,Shradha Realty
SHREDIGCEM,Shree DigvijayCement
SHREECEM,Shree Cement
SHREEJISPG,Shreeji Ship.Global
SHREEPUSHK,Shree Pushkar Chem
SHREERAMA,Shree Rama Tech
SHREYANIND,Shreyans Inds
SHRIKRISH,Shri Krishna Devcon
SHRINGARMS,Shringar House
SHRIPISTON,SPR Auto Technologie
SHRIRAMFIN,Shriram Finance
SHRIRAMPPS,Shriram Properties
SHYAMCENT,Shyam Century
SHYAMMETL,Shyam Metalics
SICAGEN,Sicagen India
SIEMENS,Siemens
SIGIND,Signet Industries
SIGMA,Sigma Solve
SIGMAADV,Sigma Advanced Syste
SIGNATURE,Signatureglobal Ind.
SIGNPOST,Signpost India
SIKA,Sika Interplant Sys
SIKKO,Sikko Industries
SIL,Standard Industries
SILGO,Silgo Retail
SILINV,SIL Investments
SILLYMONKS,Silly Monks Enter
SILVER,Aditya BSL Silver ETF
SILVER1,KOTAKSILVE
SILVER360,SILVER360
SILVERADD,DSP Silver ETF
SILVERAG,SILVRETF
SILVERBEES,SILVERBEES
SILVERBETA,SILVERETF
SILVERBND,SILVERBND
SILVERCASE,Zerodha Silver ETF
SILVERIETF,ICICI Prudential Silver ETF
SILVERTUC,Silver Touch
SIMPLEXINF,Simplex Infra
SINCLAIR,Sinclairs Hotels
SINDHUTRAD,Sindhu Trade Links
SINGERIND,Singer India
SINTERCOM,Sintercom India
SIRCA,SIRCA Paints India
SIS,SIS
SIYSIL,Siyaram Silk Mills
SJS,SJS Enterprises
SJVN,SJVN
SKFINDIA,SKF India
SKFINDUS,SKF India (Indust.)
SKIPPER,Skipper
SKMEGGPROD,SKM Egg Products
SKYGOLD,Sky Gold & Diamonds
SMALL250,SMALL250
SMALLADD,SMALLADD
SMALLCAP,SMALLCAP
SMARTWORKS,Smartworks Coworking
SMCGLOBAL,SMC Global Sec.
SML100CASE,SML100CASE
SMLMAH,SML Mahindra
SMLT,Sarthak Metals
SMSPHARMA,SMS Pharmaceuticals
SNOWMAN,Snowman Logistics
SNXT30BEES,SNXT30BEES
SNXT50BETA,UTISXN50
SOBHA,Sobha
SOLARA,Solara Active Pharma
SOLARINDS,Solar Industries
SOLARWORLD,Solarworld Energy So
SOLEX,Solex Energy
SOMANYCERA,Somany Ceramics
SOMATEX,Soma Textiles
SOMICONVEY,Somi Conveyor
SONACOMS,Sona BLW Precision
SONAL,Sonal Mercantile
SONAMLTD,Sonam
SONATSOFTW,Sonata Software
SOTL,Savita Oil Tech
SOUTHBANK,South Indian Bank
SOUTHWEST,SW Pinnacle
SPAL,SP Apparels
SPANDANA,Spandana Sphoorty
SPARC,Sun Pharma Adv. Res
SPCENET,Spacenet Entr
SPECIALITY,Speciality Restaurants
SPECTRUM,Spectrum Electrical
SPENCERS,Spencer's Retail
SPIC,Southern Petrochem
SPLIL,SPL Industries
SPLPETRO,Supreme Petrochem
SPMLINFRA,SPML Infra
SPORTKING,Sportking India
SRD,Shankar Lal Rampal
SREEL,Sreeleathers
SRF,SRF
SRGHFL,SRG Housing
SRHHYPOLTD,Sree Rayalaseema
SRM,SRM Contractors Ltd
SRTL,Shree Ram Twistex
SSDL,Saraswati Saree Dep.
SSWL,Steel Strips Wheels
STALLION,Stallion India Fluor
STANLEY,Stanley Lifestyles
STAR,Strides Pharma
STARCEMENT,Star Cement
STARHEALTH,Star Health Insurance
STARPAPER,Star Paper Mills
STARTECK,Starteck Finance
STCINDIA,STC
STEELCAS,Steelcast
STEELCITY,Steel City Secs
STEELXIND,Steel Exchange India
STEL,STEL Holdings
STERTOOLS,Sterling Tools
STOVEKRAFT,Stove Kraft
STUDDS,Studds Accessories
STYL,Seshaasai Technologi
STYLAMIND,Stylam Industries
STYRENIX,Styrenix Performance
SUBROS,Subros
SUDARCOLOR,Sudarshan Colorants
SUDARSCHEM,Sudarshan Chemicals
SUDEEPPHRM,Sudeep Pharma
SUKHJITS,Sukhjit Starch
SULA,Sula Vineyards
SUMEETINDS,Sumeet Industries
SUMICHEM,Sumitomo Chemical
SUMMITSEC,Summit Securities
SUNCLAY,Sundaram-Clayton
SUNDARAM,Sundaram Multi Pap
SUNDARMFIN,Sundaram Finance
SUNDRMBRAK,Sundaram Brake Lin
SUNDRMFAST,Sundram Fasteners
SUNDROP,Sundrop Brands
SUNFLAG,Sunflag Iron
SUNPHARMA,Sun Pharma Inds.
SUNTECK,Sunteck Realty
SUNTV,Sun TV Network
SUPERHOUSE,Super house
SUPERSPIN,Super Spinning Mills
SUPRAJIT,Suprajit Engineering
SUPREME,Supreme Holdings
SUPREMEIND,Supreme Industries
SUPREMEINF,Supreme Infra
SUPRIYA,Supriya Lifescience
SURAJEST,Suraj Estate Develop
SURAJLTD,Suraj
SURAKSHA,Suraksha Diagnostic
SURANASOL,Surana Solar
SURANAT&P,Surana Telecom
SURYALA,Suryalata Spg Mills
SURYALAXMI,Suryalakshmi Cotton
SURYAROSNI,Surya Roshni
SURYODAY,Suryoday Small Fin
SUTLEJTEX,Sutlej Textiles
SUVEN,Suven Life Sciences
SUVIDHAA,Suvidhaa Infoserve
SUYOG,Suyog Telematics
SUZLON,Suzlon Energy
SVLL,Shree Vasu Logistics
SWANCORP,Swan Corp
SWARAJENG,Swaraj Engines
SWELECTES,Swelect Energy
SWIGGY,Swiggy
SWSOLAR,Sterling
SYMPHONY,Symphony
SYNCOMF,Syncom Formulations
SYNGENE,Syngene Intl
SYRMA,Syrma SGS Technology
SYSTMTXC,Systematix Corp
TAALTECH,TAAL Tech
TAINWALCHM,Tainwala Chemicals
TAJGVK,Taj GVK Hotels
TALBROAUTO,Talbros Automotive
TAMBOLIIN,Tamboli Industries
TANLA,Tanla Platforms
TARACHAND,Tara Chand Infra.
TARAPUR,Tarapur Transformers
TARC,TARC
TARIL,Transformers India
TARMAT,Tarmat
TARSONS,Tarsons Products
TASTYBITE,Tasty Bite Eatables
TATACAP,Tata Capital
TATACHEM,Tata Chemicals
TATACOMM,Tata Communications
TATACONSUM,Tata Consumer Produc
TATAELXSI,Tata Elxsi
TATAGOLD,TATAGOLD
TATAINVEST,Tata Investment Corp
TATAPOWER,Tata Power
TATASTEEL,Tata Steel
TATATECH,Tata Technologies
TATSILV,TATSILV
TATVA,Tatva Chintan
TBOTEK,TBO Tek
TBZ,TBZ
TCC,TCC Concept
TCI,TCI
TCIEXP,TCI Express
TCIFINANCE,TCI Finance
TCPLPACK,TCPL Packaging
TCS,TCS
TDPOWERSYS,TD Power Systems
TEAMGTY,Team India Guaranty
TEAMLEASE,TeamLease Services
TECH,Aditya BSL Nifty IT ETF
TECHM,Tech Mahindra
TECHNOE,Techno Electric
TECHNVISN,TechNVision
TECILCHEM,Tecil Chemical
TEGA,Tega Industries
TEJASNET,Tejas Networks
TEMBO,Tembo Global Inds
TENNIND,Tenneco Clean Air
TERASOFT,Tera Software
TEXINFRA,Texmaco Infra
TEXMOPIPES,Texmo Pipes
TEXRAIL,Texmaco Rail
TFCILTD,TFCI
TFL,Transwarranty Fin
TGBHOTELS,TGB Banquets
THACKER,Thacker & Co
THAKDEV,Thakkers Developer
THANGAMAYL,Thangamayil Jeweller
THEINVEST,Inv Trust of India
THEJO,Thejo Engg
THELEELA,Leela Palaces Hotels
THEMISMED,Themis Medicare
THERMAX,Thermax
THOMASCOOK,Thomas Cook India
THOMASCOTT,Thomas Scott India
THYROCARE,Thyrocare Tech
TI,Tilaknagar Inds
TICL,Twamev Construction
TIIL,Technocraft Inds
TIINDIA,Tube Investments
TIJARIA,Tijaria Polypipes
TIL,TIL
TIMETECHNO,Time Technoplast
TIMEX,Timex Group
TIMKEN,Timken India
TINNARUBR,Tinna Rubber
TIPSFILMS,Tips Films
TIPSMUSIC,Tips Music
TIRUMALCHM,Thirumalai Chemicals
TITAGARH,Titagarh Railsystems
TITAN,Titan Co
TMB,Tamilnad Mercantile
TMCV,Tata Motors Commercial
TMPV,Tata Motors Passenger
TNIDETF,TNIDETF
TNPETRO,TN Petro Products
TNPL,TN Newsprint
TNTELE,TN Telecommunication
TOLINS,Tolins Tyres
TOP100CASE,Zerodha Nifty 100ETF
TOP10ADD,TOP10ADD
TOP15IETF,TOP15IETF
TOP20,TOP20
TORNTPHARM,Torrent Pharma
TORNTPOWER,Torrent Power
TOTAL,Total Transport
TOUCHWOOD,Touchwood Enter
TPHQ,Teamo Productions HQ
TPLPLASTEH,TPL Plastech
TRACXN,Tracxn Technologies
TRANSPEK,Transpek Industry
TRANSRAILL,Transrail Lighting
TRANSWORLD,Transworld Shipping
TRAVELFOOD,Travel Food Services
TREEHOUSE,Tree House Education
TREJHARA,Trejhara Solutions
TREL,Transindia Real Est
TRENT,Trent
TRF,TRF
TRIDENT,Trident
TRIGYN,Trigyn Technologies
TRITURBINE,Triveni Turbine
TRIVENI,Triveni Engg
TRU,TruCap Finance
TRUALT,TruAlt Bioenergy
TSFINV,TSF Investments
TTKHLTCARE,TTK Healthcare
TTKPRESTIG,TTK Prestige
TTL,TT
TTML,Tata Tele (Maha)
TVSELECT,TVS Electronics
TVSHLTD,TVS Holdings
TVSMOTOR,TVS Motor Company
TVSSCS,TVS Supply Chain Sol
TVSSRICHAK,TVS Srichakra
TVTODAY,TV Today Network
TVVISION,TV Vision
TWCGOLDETF,TWCGOLDETF
UBL,United Breweries
UCAL,UCAL
UCOBANK,UCO Bank
UDS,Updater Services
UEL,Ujaas Energy
UFBL,United Foodbrands
UFLEX,Uflex
UFO,UFO Moviez India
UGARSUGAR,Ugar Sugar Works
UGROCAP,Ugro Capital
UJJIVANSFB,Ujjivan Small Fin
ULTRACEMCO,UltraTech Cement
ULTRAMAR,Ultramar & Pigments
UMAEXPORTS,Uma Exports
UMIYA-MRO,Umiya Buildcon
UNICHEMLAB,Unichem Laboratories
UNIDT,United Drilling
UNIECOM,Unicomm. eSolutions
UNIENTER,Uniphos Enterprises
UNIMECH,Unimech Aerospace
UNIONBANK,Union Bank of India
UNIONGOLD,UNIONGOLD
UNIPARTS,Uniparts India
UNITDSPR,United Spirits
UNITECH,Unitech
UNITEDTEA,United Nilgiri
UNIVASTU,Univastu India
UNIVCABLES,Universal Cables
UNOMINDA,UNO Minda
UPL,UPL
URAVIDEF,Uravi Defence&Tech.
URBANCO,Urban Company
URJA,Urja Global
USHAMART,Usha Martin
USK,Udayshivakumar Infra
UTIAMC,UTI Asset Management
UTKARSHBNK,Utkarsh Small Fin.
UTLSOLAR,Fujiyama Power Syste
UTTAMSUGAR,Uttam Sugar Mills
UYFINCORP,UY Fincorp
V2RETAIL,V2 Retail
VADILALIND,Vadilal Industries
VAIBHAVGBL,Vaibhav Global
VAKRANGEE,Vakrangee
VAL30IETF,ICICI Prudential Nif
VALIANTORG,Valiant Organics
VALUE,Mirae Asset Nifty 500 Value 50 ETF
VARDHACRLC,Vardhman Acrylics
VARROC,Varroc Engineering
VASWANI,Vaswani Industries
VBL,Varun Beverages
VCL,Vaxtex Cotfab
VEDL,Vedanta
VEEDOL,Veedol Corporation
VELJAN,Veljan Denison
VENKEYS,Venky's India
VENTIVE,Ventive Hospitality
VENUSPIPES,Venus Pipes & Tubes
VENUSREM,Venus Remedies
VERANDA,Veranda Learning
VESUVIUS,Vesuvius India
VETO,Veto Switch Gears
VGL,Varvee Global
VGUARD,V-Guard Inds.
VHL,Vardhman Holdings
VIDHIING,Vidhi Specialty
VIDYAWIRES,Vidya Wires
VIJAYA,VDC
VIKASECO,Vikas Ecotech
VIKASLIFE,Vikas Lifecare
VIKRAMSOLR,Vikram Solar
VIKRAN,Vikran Engineering
VIMTALABS,Vimta Labs
VINATIORGA,Vinati Organics
VINCOFE,Vintage Coffee
VINDHYATEL,Vindhya Telelinks
VINNY,Vinny Overseas
VINYLINDIA,Vinyl Chemicals
VIPIND,VIP Industries
VIPULLTD,Vipul
VIRINCHI,Virinchi
VISAKAIND,Visaka Industries
VISHNU,Vishnu Chemicals
VISHWARAJ,Vishwaraj Sugar
VIVIDHA,Visagar Polytex
VIYASH,Viyash Scientific
VLSFINANCE,VLS Finance
VMART,V-Mart Retail
VMM,Vishal Mega Mart
VOLTAMP,Voltamp Transformers
VOLTAS,Voltas
VRAJ,Vraj Iron & Steel
VRLLOG,VRL Logistics
VSSL,Vardhman Steel
VSTIND,VST Industries
VSTL,Vibhor Steel Tubes
VSTTILLERS,VST Tillers Tractors
VTL,Vardhman Textiles
WAAREEENER,Waaree Energies
WAAREEINDO,Indosolar
WAAREERTL,Waaree Renewables
WABAG,VA Tech Wabag
WAKEFIT,Wakefit Innovations
WALCHANNAG,Walchandnagar Inds
WANBURY,Wanbury
WCIL,Western Carriers
WEALTH,Wealth First
WEBELSOLAR,Websol Energy System
WEIZMANIND,Weizmann
WEL,Wonder Electricals
WELCORP,Welspun Corp
WELENT,Welspun Enterprises
WELSPLSOL,Welspun Specialty
WELSPUNLIV,Welspun Living
WENDT,Wendt India
WESTLIFE,Westlife Development
WEWORK,Wework India Managem
WHEELS,Wheels India
WHIRLPOOL,Whirlpool Of India
WILLAMAGOR,Williamson Magor
WIMPLAST,Wim Plast
WINDLAS,Windlas Biotech
WINDMACHIN,Windsor Machines
WIPL,The Western Indian
WIPRO,Wipro
WOCKPHARMA,Wockhardt
WONDERLA,Wonderla Holidays
WORTHPERI,Worth Peripherals
WPIL,WPIL
WSI,WS Industries India
WSTCSTPAPR,West Coast Paper
XCHANGING,Xchanging Solutions
XELPMOC,Xelpmoc Design
XPROINDIA,Xpro India
XTGLOBAL,Xtglobal Infotech
YASHO,Yasho Industries
YATHARTH,Yatharth Hospital
YATRA,Yatra Online
YESBANK,Yes Bank
YUKEN,Yuken India
ZAGGLE,Zaggle Prepaid Ocean
ZEEL,Zee Entertainment
ZEELEARN,Zee Learn
ZEEMEDIA,Zee Media Corp
ZENITHEXPO,Zenith Exports
ZENITHSTL,Zenith Steel Pipes
ZENSARTECH,Zensar Technologies
ZENTEC,Zen Technologies
ZFCVINDIA,ZF Comm Vehic Contr
ZFSTEERING,ZF Steering Gear
ZODIACLOTH,Zodiac Clothing Co
ZOTA,Zota Health Care
ZSARACOM,Saraswati Commercial
ZUARI,Zuari Agro Chem
ZUARIIND,Zuari Industries
ZYDUSLIFE,Zydus
ZYDUSWELL,Zydus Wellness
